{
    "timestamp": [
        1654041600,
        1654128000,
        1654214400,
        1654300800,
        1654560000,
        1654646400,
        1654732800,
        1654819200,
        1654905600,
        1655164800,
        1655251200,
        1655337600,
        1655424000,
        1655510400,
        1655856000,
        1655942400,
        1656028800,
        1656115200,
        1656374400,
        1656460800,
        1656532800
    ],
    "equity": [
        270.5506,
        270.7314,
        272.2152,
        273.1778,
        272.1044,
        274.741702,
        273.8988,
        271.8018,
        271.902,
        267.1406,
        267.2294,
        266.5316,
        264.5358,
        264.8556,
        265.765848,
        265.6712,
        266.69,
        266.1166,
        267.1524,
        266.7748,
        266.98
    ],
    "profit_loss": [
        -0.2098,
        0.1808,
        1.4838,
        0.9626,
        -1.0734,
        2.637302,
        -0.842902,
        -2.097,
        0.1002,
        -4.7614,
        0.0888,
        -0.6978,
        -1.9958,
        0.3198,
        0,
        -0.094648,
        1.0188,
        -0.5734,
        1.0358,
        -0.3776,
        0.2052
    ],
    "profit_loss_pct": [
        0,
        0.0006682668602472,
        0.006152638360439802,
        0.009710568004654259,
        0.005743103138562683,
        0.015491009814799936,
        0.012375503879865742,
        0.004624643227551506,
        0.004994999087046885,
        -0.012603926954883868,
        -0.012275707390780165,
        -0.014854892208703334,
        -0.022231700835259677,
        -0.02104966686453483,
        -0.02104966686453483,
        -0.021398303424980385,
        -0.017645546601995302,
        -0.019757669454664742,
        -0.015942293014492022,
        -0.01733318521743581,
        0.0007691880942277906
    ],
    "base_value": 0,
    "timeframe": "1D"
}

